{"$schema":"http://schema.management.azure.com/schemas/2015-01-01/deploymentTemplate.json#","contentVersion":"1.0.0.0","parameters":{"bing_new_search_api parth":{"type":"string"},"Bing_Lakehouse":{"type":"string"}},"variables":{},"resources":[{"name":"News_ingestion_pipeline","type":"pipelines","apiVersion":"2018-06-01","properties":{"activities":[{"name":"Copy datafrom Bing API to lakehouse","type":"Copy","dependsOn":[],"policy":{"timeout":"0.12:00:00","retry":0,"retryIntervalInSeconds":30,"secureOutput":false,"secureInput":false},"typeProperties":{"source":{"type":"RestSource","httpRequestTimeout":"00:01:40","requestInterval":"00.00:00:00.010","requestMethod":"GET","additionalHeaders":{"Ocp-Apim-Subscription-Key":"0f485e9041e34f15a363d8c3d5dc9e3b"},"paginationRules":{"supportRFC5988":"true"},"datasetSettings":{"annotations":[],"type":"RestResource","typeProperties":{"relativeUrl":{"value":"?q=@{pipeline().parameters.seacrh_term}&count=100&freshness=Day&mkt=en-IN","type":"Expression"}},"schema":[],"externalReferences":{"connection":"[parameters('bing_new_search_api parth')]"}}},"sink":{"type":"JsonSink","storeSettings":{"type":"LakehouseWriteSettings"},"formatSettings":{"type":"JsonWriteSettings"},"datasetSettings":{"annotations":[],"linkedService":{"name":"Bing_Lakehouse","properties":{"annotations":[],"type":"Lakehouse","typeProperties":{"workspaceId":"95b65b95-4950-4e55-ae0a-c85fc7be952b","artifactId":"[parameters('Bing_Lakehouse')]","rootFolder":"Files"}}},"type":"Json","typeProperties":{"location":{"type":"LakehouseLocation","fileName":"bing_latest_news.json"}},"schema":{}}},"enableStaging":false}},{"name":"Data Transformation","type":"TridentNotebook","dependsOn":[{"activity":"Copy datafrom Bing API to lakehouse","dependencyConditions":["Succeeded"]}],"policy":{"timeout":"0.12:00:00","retry":0,"retryIntervalInSeconds":30,"secureOutput":false,"secureInput":false},"typeProperties":{"notebookId":"2a041e07-5e22-4864-9efd-ed64a17d3d21","workspaceId":"95b65b95-4950-4e55-ae0a-c85fc7be952b"}},{"name":"Sentiment Analysis","type":"TridentNotebook","dependsOn":[{"activity":"Data Transformation","dependencyConditions":["Succeeded"]}],"policy":{"timeout":"0.12:00:00","retry":0,"retryIntervalInSeconds":30,"secureOutput":false,"secureInput":false},"typeProperties":{"notebookId":"09a269cd-47a0-4757-aa7d-b4d66d65fee8","workspaceId":"95b65b95-4950-4e55-ae0a-c85fc7be952b"}}],"parameters":{"seacrh_term":{"type":"string","defaultValue":"cricket"}},"lastModifiedByObjectId":"5ec20440-267e-4356-ad7f-80c4010dab52","lastPublishTime":"2024-12-29T13:28:45Z","extraTridentInfo":"{\"folderObjectId\":\"95b65b95-4950-4e55-ae0a-c85fc7be952b\",\"capacityObjectId\":\"3AE36BB4-9D90-42FF-B64A-DE5EA5D78BA9\",\"artifactType\":\"Pipeline\",\"provisionState\":\"Active\",\"lastUpdatedDate\":\"2024-12-29T13:28:45.893Z\",\"createdDate\":\"2024-12-27T15:55:22.546Z\",\"ownerUser\":{\"id\":2192333,\"name\":\"Parth Mehta\",\"objectId\":\"5ec20440-267e-4356-ad7f-80c4010dab52\",\"userPrincipalName\":\"parth@3zqxrc.onmicrosoft.com\",\"aadAppId\":null,\"type\":null},\"ownerUserId\":2192333,\"createdByUser\":{\"id\":2192333,\"name\":\"Parth Mehta\",\"objectId\":\"5ec20440-267e-4356-ad7f-80c4010dab52\",\"userPrincipalName\":\"parth@3zqxrc.onmicrosoft.com\",\"aadAppId\":null,\"type\":null},\"createdByUserId\":2192333,\"modifiedByUser\":{\"id\":2192333,\"name\":\"Parth Mehta\",\"objectId\":\"5ec20440-267e-4356-ad7f-80c4010dab52\",\"userPrincipalName\":\"parth@3zqxrc.onmicrosoft.com\",\"aadAppId\":null,\"type\":null},\"modifiedByUserId\":2192333,\"artifactRelations\":[{\"dependentArtifactObjectId\":\"d7cba8d6-88e7-4d48-93a1-417ca45c8ab7\",\"settings\":0},{\"dependentArtifactObjectId\":\"2a041e07-5e22-4864-9efd-ed64a17d3d21\",\"settings\":0},{\"dependentArtifactObjectId\":\"09a269cd-47a0-4757-aa7d-b4d66d65fee8\",\"settings\":0}],\"permissions\":71,\"artifactPermissions\":7,\"systemArtifactType\":\"None\",\"etag\":\"\\\"56394beaeed6472383a1ae86b5e17a01\\\"\"}"},"dependsOn":[]}]}